,Input,Route,Best Distance,Time
0,tsp-problem-800-100-150-45-1.txt,"[283, 164, 9, 49, 43, 71, 168, 106, 36, 247, 80, 78, 33, 151, 23, 99, 111, 109, 231, 246, 11, 65, 34, 263, 558, 17, 201, 228, 165, 50, 28, 241, 60, 20, 10, 108, 41, 74, 26, 162, 140, 64, 68, 24, 69, 61, 145, 67, 0, 89, 54, 101, 7, 110, 210, 83, 173, 86, 44, 59, 27, 218, 75, 19, 14, 3, 35, 280, 274, 346, 255, 58, 362, 202, 213, 184, 133, 453, 155, 313, 119, 148, 260, 285, 6, 128, 18, 144, 126, 29, 124, 198, 277, 216, 209, 79, 174, 92, 122, 76, 146, 180, 22, 158, 5, 96, 113, 176, 190, 249, 4, 103, 318, 334, 166, 217, 52, 97, 25, 138, 115, 258, 259, 63, 85, 195, 196, 114, 48, 178, 2, 581, 220, 265, 150, 100, 290, 91, 51, 30, 340, 276, 70, 232, 423, 352, 121, 149, 327, 120, 39, 253, 640, 31, 93, 40, 15, 8, 116, 152, 170, 37, 62, 252, 107, 240, 125, 45, 428, 179, 266, 307, 415, 46, 90, 364, 135, 355, 188, 129, 486, 169, 136, 139, 194, 781, 207, 127, 177, 163, 105, 191, 534, 88, 112, 296, 236, 267, 131, 141, 361, 345, 229, 204, 87, 235, 303, 82, 212, 206, 300, 102, 383, 98, 189, 392, 402, 320, 275, 254, 284, 268, 154, 291, 73, 1, 242, 511, 432, 299, 205, 350, 47, 16, 338, 225, 469, 182, 397, 357, 227, 368, 134, 329, 317, 175, 527, 278, 545, 233, 172, 186, 674, 219, 230, 222, 544, 192, 181, 289, 95, 271, 348, 419, 394, 374, 57, 81, 518, 72, 304, 503, 118, 243, 592, 12, 531, 117, 434, 431, 104, 381, 257, 400, 336, 215, 536, 438, 297, 193, 312, 32, 223, 324, 183, 391, 292, 53, 429, 445, 123, 13, 301, 373, 256, 687, 142, 376, 597, 187, 269, 523, 471, 655, 421, 130, 412, 321, 203, 563, 473, 94, 272, 245, 279, 720, 262, 315, 286, 314, 171, 442, 323, 185, 157, 488, 248, 408, 224, 316, 620, 305, 559, 690, 433, 404, 548, 211, 451, 601, 281, 298, 250, 55, 325, 547, 339, 735, 504, 333, 356, 347, 604, 409, 238, 497, 282, 332, 326, 331, 519, 630, 499, 396, 378, 153, 56, 288, 389, 147, 270, 422, 354, 600, 309, 494, 590, 251, 529, 349, 493, 426, 143, 598, 491, 384, 335, 273, 293, 38, 375, 537, 479, 371, 602, 311, 515, 310, 306, 542, 200, 370, 465, 557, 410, 520, 382, 372, 367, 447, 414, 161, 427, 729, 403, 214, 359, 302, 386, 459, 406, 525, 541, 264, 21, 480, 462, 360, 160, 337, 430, 560, 398, 533, 343, 436, 399, 476, 358, 626, 287, 455, 393, 507, 380, 638, 761, 660, 319, 621, 351, 635, 234, 506, 671, 539, 458, 582, 468, 405, 461, 569, 365, 466, 464, 564, 294, 418, 366, 413, 167, 450, 390, 159, 208, 417, 437, 719, 532, 575, 485, 385, 668, 440, 239, 588, 528, 482, 416, 221, 613, 554, 526, 724, 226, 425, 677, 467, 322, 308, 411, 583, 197, 369, 377, 484, 550, 594, 444, 572, 524, 441, 622, 665, 696, 487, 574, 553, 328, 295, 342, 723, 452, 617, 407, 456, 261, 664, 77, 510, 580, 156, 500, 782, 667, 717, 477, 492, 624, 587, 625, 530, 446, 570, 552, 388, 691, 573, 680, 571, 731, 576, 607, 675, 549, 495, 578, 330, 546, 744, 700, 498, 244, 654, 651, 42, 470, 611, 693, 454, 678, 698, 478, 551, 535, 363, 501, 460, 496, 733, 705, 556, 555, 137, 669, 623, 490, 387, 706, 472, 648, 779, 66, 762, 237, 540, 457, 508, 512, 562, 789, 632, 199, 793, 439, 489, 505, 615, 699, 606, 740, 759, 730, 683, 631, 401, 745, 737, 577, 714, 792, 776, 713, 132, 344, 538, 543, 593, 657, 353, 619, 395, 448, 672, 463, 747, 742, 659, 561, 718, 585, 586, 704, 769, 449, 743, 682, 739, 628, 736, 694, 666, 686, 424, 516, 599, 589, 725, 765, 591, 757, 567, 703, 629, 758, 775, 595, 741, 614, 649, 641, 502, 710, 513, 84, 618, 643, 443, 616, 783, 663, 795, 475, 420, 474, 767, 692, 647, 689, 750, 749, 435, 715, 788, 746, 708, 650, 637, 701, 778, 787, 732, 768, 685, 661, 790, 612, 517, 774, 702, 634, 772, 483, 652, 798, 658, 799, 646, 644, 605, 341, 676, 608, 603, 738, 522, 756, 722, 784, 734, 751, 727, 752, 755, 716, 688, 753, 754, 697, 695, 565, 566, 639, 773, 481, 770, 721, 579, 642, 786, 707, 627, 610, 670, 709, 653, 679, 712, 763, 766, 521, 785, 791, 748, 726, 633, 596, 684, 568, 636, 379, 656, 509, 728, 584, 780, 796, 662, 764, 777, 514, 645, 794, 609, 797, 771, 760, 673, 681, 711]",32445.70029080495,2.241398811340332
1,tsp-problem-500-1000-150-35-1.txt,"[485, 470, 154, 497, 26, 134, 7, 304, 120, 77, 112, 188, 257, 203, 31, 40, 25, 180, 92, 36, 284, 75, 67, 465, 132, 404, 274, 394, 226, 16, 425, 254, 4, 189, 97, 201, 73, 371, 163, 167, 94, 460, 317, 328, 250, 220, 456, 286, 197, 81, 149, 121, 436, 74, 246, 337, 322, 279, 236, 282, 309, 348, 105, 85, 46, 247, 469, 479, 461, 399, 320, 78, 111, 305, 100, 68, 468, 82, 79, 145, 217, 148, 108, 401, 243, 209, 6, 409, 137, 268, 315, 351, 102, 405, 418, 490, 182, 410, 14, 19, 334, 115, 21, 350, 244, 44, 291, 443, 310, 63, 23, 131, 27, 281, 186, 196, 414, 90, 358, 397, 103, 143, 124, 231, 446, 445, 361, 202, 290, 312, 98, 301, 466, 451, 388, 156, 452, 41, 386, 438, 303, 83, 463, 448, 323, 150, 299, 240, 380, 365, 428, 440, 9, 42, 66, 393, 0, 480, 434, 95, 471, 55, 486, 190, 276, 165, 37, 106, 413, 153, 138, 261, 283, 45, 400, 390, 487, 185, 56, 324, 166, 269, 346, 3, 24, 339, 34, 332, 80, 123, 88, 84, 450, 178, 18, 408, 265, 64, 142, 179, 86, 139, 144, 420, 327, 116, 395, 271, 155, 373, 343, 477, 11, 259, 275, 494, 129, 126, 384, 258, 336, 383, 210, 421, 472, 288, 224, 58, 109, 491, 430, 316, 164, 252, 183, 444, 157, 57, 232, 51, 318, 8, 43, 199, 52, 89, 285, 107, 407, 181, 256, 175, 369, 489, 377, 325, 424, 272, 194, 255, 449, 13, 35, 347, 211, 478, 54, 230, 340, 214, 483, 245, 447, 248, 426, 32, 331, 208, 29, 127, 374, 306, 22, 159, 169, 462, 161, 441, 406, 342, 442, 76, 193, 349, 173, 267, 233, 391, 172, 264, 360, 2, 171, 184, 341, 474, 417, 160, 294, 403, 136, 62, 215, 280, 122, 481, 355, 356, 415, 119, 99, 141, 50, 237, 228, 345, 382, 117, 457, 110, 266, 498, 476, 39, 204, 1, 227, 125, 295, 170, 319, 206, 33, 492, 96, 495, 335, 87, 359, 437, 368, 205, 278, 392, 464, 423, 344, 212, 253, 416, 311, 454, 10, 376, 455, 72, 367, 411, 191, 38, 69, 431, 135, 314, 174, 422, 366, 260, 146, 484, 239, 65, 28, 375, 192, 352, 313, 467, 330, 493, 15, 296, 48, 207, 435, 101, 273, 249, 363, 292, 223, 326, 168, 61, 47, 429, 198, 5, 162, 338, 176, 333, 458, 59, 128, 30, 213, 289, 362, 298, 378, 499, 475, 114, 379, 113, 385, 151, 53, 427, 216, 140, 262, 354, 302, 177, 49, 71, 60, 308, 357, 277, 241, 432, 293, 235, 329, 133, 234, 488, 263, 17, 225, 439, 287, 200, 496, 222, 251, 195, 398, 433, 370, 187, 93, 270, 242, 219, 387, 218, 419, 221, 12, 396, 147, 158, 104, 118, 297, 307, 238, 152, 372, 453, 482, 321, 70, 381, 91, 402, 353, 130, 473, 229, 300, 364, 389, 20, 459, 412]",24417.977570405983,1.3382337093353271
2,tsp-problem-700-500-50-25-1.txt,"[676, 49, 235, 652, 23, 480, 34, 680, 378, 131, 677, 135, 333, 207, 366, 62, 315, 589, 364, 96, 423, 273, 674, 638, 167, 696, 307, 632, 586, 506, 644, 475, 522, 533, 63, 87, 517, 233, 17, 174, 31, 41, 26, 285, 631, 194, 95, 114, 274, 530, 168, 127, 213, 66, 58, 0, 27, 655, 169, 244, 171, 350, 499, 434, 162, 359, 572, 145, 326, 386, 182, 296, 20, 295, 19, 663, 662, 4, 116, 101, 320, 684, 193, 243, 611, 329, 192, 258, 8, 361, 214, 322, 356, 228, 275, 165, 25, 3, 539, 99, 411, 185, 1, 97, 35, 444, 22, 259, 412, 383, 32, 388, 252, 672, 578, 536, 42, 18, 324, 692, 466, 496, 139, 164, 535, 557, 230, 568, 527, 541, 284, 595, 143, 119, 429, 289, 599, 270, 280, 490, 524, 196, 282, 617, 357, 513, 73, 447, 216, 622, 494, 552, 206, 478, 105, 261, 569, 579, 29, 81, 149, 6, 673, 118, 624, 583, 452, 443, 404, 40, 268, 389, 166, 148, 558, 636, 94, 109, 276, 531, 55, 104, 245, 160, 306, 112, 248, 507, 2, 570, 461, 316, 242, 642, 59, 76, 44, 500, 666, 83, 69, 38, 144, 545, 648, 77, 408, 136, 39, 445, 471, 183, 313, 222, 138, 509, 668, 679, 64, 690, 205, 126, 379, 161, 414, 254, 240, 303, 566, 502, 79, 430, 594, 172, 687, 437, 392, 61, 577, 238, 237, 279, 186, 371, 469, 56, 113, 418, 184, 82, 115, 368, 93, 464, 227, 503, 441, 175, 520, 52, 7, 403, 341, 352, 654, 71, 291, 163, 436, 554, 523, 516, 181, 287, 301, 250, 481, 312, 498, 217, 562, 234, 421, 609, 419, 123, 546, 188, 476, 283, 396, 618, 141, 310, 331, 309, 255, 384, 573, 358, 48, 485, 514, 449, 319, 220, 563, 518, 292, 120, 36, 80, 390, 28, 158, 202, 72, 463, 256, 57, 505, 416, 271, 346, 328, 179, 170, 125, 629, 549, 277, 640, 373, 348, 355, 327, 538, 50, 318, 154, 369, 501, 457, 16, 683, 427, 173, 598, 363, 387, 467, 226, 65, 343, 339, 489, 597, 60, 257, 215, 651, 422, 497, 229, 491, 137, 111, 472, 251, 374, 456, 107, 74, 626, 337, 415, 495, 360, 269, 43, 286, 628, 191, 178, 290, 669, 152, 336, 508, 409, 646, 693, 146, 639, 89, 591, 619, 678, 543, 130, 190, 209, 247, 534, 451, 298, 380, 606, 375, 675, 488, 695, 664, 133, 526, 623, 670, 544, 9, 308, 442, 484, 297, 278, 593, 365, 223, 106, 311, 45, 474, 199, 439, 103, 417, 540, 211, 405, 576, 621, 689, 51, 5, 428, 410, 367, 21, 602, 446, 659, 90, 108, 300, 15, 431, 156, 85, 372, 153, 46, 697, 117, 610, 231, 177, 612, 304, 75, 493, 521, 33, 470, 267, 212, 656, 473, 608, 653, 147, 272, 302, 13, 67, 30, 330, 180, 567, 219, 241, 420, 294, 332, 176, 694, 349, 224, 433, 574, 556, 657, 265, 468, 140, 37, 542, 454, 483, 68, 607, 129, 585, 613, 381, 581, 236, 601, 584, 345, 393, 394, 688, 92, 528, 391, 200, 627, 293, 239, 667, 124, 208, 537, 551, 582, 203, 482, 189, 401, 340, 548, 440, 221, 159, 635, 334, 197, 377, 547, 685, 134, 370, 641, 588, 462, 691, 210, 510, 564, 458, 155, 102, 246, 323, 504, 204, 305, 195, 351, 321, 592, 198, 559, 54, 53, 486, 479, 492, 519, 70, 661, 634, 249, 407, 515, 262, 455, 616, 100, 555, 201, 600, 266, 571, 91, 424, 560, 342, 665, 413, 561, 402, 645, 151, 317, 142, 553, 24, 382, 86, 398, 110, 78, 399, 385, 406, 260, 400, 362, 511, 263, 10, 84, 426, 338, 448, 671, 643, 529, 347, 354, 397, 459, 550, 649, 395, 88, 128, 460, 335, 187, 425, 686, 633, 157, 565, 232, 465, 325, 647, 314, 605, 650, 12, 698, 512, 11, 658, 438, 121, 615, 299, 450, 487, 218, 590, 253, 477, 288, 699, 353, 132, 264, 630, 580, 620, 682, 532, 344, 453, 432, 625, 122, 660, 376, 14, 603, 281, 681, 225, 98, 435, 525, 150, 47, 575, 637, 587, 604, 596, 614]",2023.8362587745814,1.9105029106140137
3,tsp-problem-1000-1000-50-5-1.txt,"[574, 266, 495, 329, 924, 298, 420, 866, 150, 565, 718, 189, 117, 986, 596, 663, 601, 71, 483, 238, 911, 45, 215, 771, 84, 745, 370, 492, 919, 161, 269, 485, 67, 961, 222, 258, 589, 599, 242, 896, 481, 323, 545, 437, 68, 848, 125, 612, 19, 594, 142, 839, 396, 774, 372, 171, 79, 140, 25, 369, 176, 100, 937, 363, 15, 11, 950, 540, 325, 885, 271, 536, 106, 375, 320, 642, 821, 408, 61, 723, 7, 114, 272, 195, 92, 154, 522, 856, 744, 995, 758, 402, 1, 452, 333, 432, 808, 435, 338, 377, 297, 859, 923, 786, 933, 415, 764, 620, 361, 313, 228, 401, 865, 633, 436, 461, 532, 34, 179, 386, 473, 635, 170, 49, 534, 268, 707, 472, 665, 728, 143, 430, 348, 726, 207, 876, 943, 138, 773, 752, 365, 225, 867, 637, 548, 980, 397, 508, 459, 813, 10, 478, 54, 918, 851, 283, 251, 490, 354, 201, 157, 356, 868, 245, 966, 732, 904, 75, 89, 380, 583, 342, 954, 178, 541, 31, 999, 682, 293, 90, 676, 65, 460, 566, 32, 828, 841, 330, 441, 98, 135, 55, 842, 423, 582, 445, 790, 93, 949, 697, 244, 278, 618, 115, 693, 694, 542, 584, 523, 211, 192, 496, 394, 928, 941, 337, 166, 261, 120, 469, 506, 450, 533, 947, 537, 513, 155, 825, 346, 604, 433, 990, 374, 996, 159, 783, 422, 105, 36, 910, 528, 431, 398, 698, 476, 304, 94, 343, 785, 840, 85, 600, 760, 834, 139, 393, 218, 254, 984, 551, 607, 130, 575, 466, 993, 368, 185, 122, 168, 311, 118, 169, 52, 610, 257, 128, 35, 766, 830, 627, 913, 246, 107, 819, 259, 153, 881, 664, 624, 811, 119, 563, 973, 519, 832, 163, 738, 605, 194, 801, 791, 18, 277, 836, 659, 167, 632, 37, 146, 174, 349, 275, 340, 91, 869, 750, 670, 929, 527, 674, 237, 934, 97, 410, 780, 162, 962, 449, 395, 241, 652, 133, 708, 493, 442, 110, 592, 58, 387, 236, 572, 76, 424, 741, 844, 802, 717, 409, 846, 113, 73, 227, 568, 525, 183, 711, 72, 549, 46, 689, 735, 453, 379, 561, 982, 214, 776, 720, 613, 725, 638, 291, 332, 553, 547, 321, 351, 920, 307, 936, 315, 158, 570, 404, 803, 972, 287, 777, 308, 289, 921, 903, 425, 567, 20, 710, 41, 667, 455, 646, 407, 134, 5, 795, 546, 322, 491, 524, 905, 181, 26, 202, 500, 531, 223, 147, 960, 216, 335, 714, 44, 761, 499, 327, 564, 362, 350, 651, 87, 585, 909, 858, 894, 669, 127, 210, 809, 29, 132, 696, 705, 462, 203, 221, 521, 33, 930, 444, 504, 843, 901, 281, 855, 994, 892, 512, 810, 477, 209, 405, 887, 364, 382, 262, 902, 636, 701, 775, 334, 951, 849, 796, 479, 602, 838, 765, 991, 829, 39, 550, 318, 336, 77, 709, 857, 806, 779, 129, 799, 95, 678, 497, 854, 687, 650, 270, 529, 326, 480, 938, 448, 144, 520, 515, 685, 80, 968, 224, 747, 759, 16, 468, 439, 739, 302, 948, 104, 634, 213, 502, 794, 543, 861, 305, 239, 314, 681, 798, 716, 530, 847, 388, 376, 713, 357, 959, 626, 552, 673, 878, 131, 427, 463, 180, 62, 593, 234, 535, 988, 823, 616, 367, 82, 172, 889, 464, 655, 208, 658, 740, 284, 503, 137, 768, 970, 897, 173, 539, 985, 672, 657, 264, 576, 126, 265, 712, 544, 680, 451, 874, 757, 749, 256, 231, 516, 286, 888, 863, 571, 366, 324, 793, 898, 191, 608, 51, 103, 679, 826, 200, 767, 833, 399, 447, 688, 294, 629, 471, 457, 872, 123, 381, 641, 724, 824, 299, 249, 190, 27, 78, 733, 788, 175, 963, 206, 746, 692, 288, 3, 845, 156, 579, 998, 24, 700, 96, 883, 446, 109, 864, 880, 148, 88, 926, 587, 538, 510, 309, 595, 946, 656, 164, 690, 217, 310, 235, 121, 614, 411, 580, 736, 443, 40, 562, 611, 112, 917, 695, 852, 827, 69, 196, 22, 467, 729, 247, 935, 83, 916, 59, 152, 141, 280, 243, 149, 797, 226, 653, 111, 945, 615, 86, 787, 331, 630, 273, 42, 699, 501, 853, 438, 814, 965, 279, 621, 644, 922, 818, 816, 992, 932, 306, 56, 177, 804, 347, 654, 976, 8, 74, 99, 358, 974, 730, 956, 188, 428, 895, 454, 426, 820, 555, 509, 458, 250, 406, 124, 875, 412, 220, 631, 204, 944, 14, 577, 940, 660, 927, 317, 429, 253, 255, 703, 232, 622, 248, 6, 38, 413, 691, 57, 419, 871, 578, 873, 598, 686, 341, 514, 617, 339, 886, 403, 145, 282, 573, 751, 556, 837, 623, 560, 649, 108, 197, 805, 440, 494, 581, 392, 285, 389, 526, 967, 136, 233, 151, 755, 384, 184, 359, 953, 975, 219, 198, 939, 870, 971, 677, 4, 186, 899, 229, 977, 276, 763, 770, 666, 671, 862, 391, 603, 925, 702, 588, 63, 17, 511, 606, 731, 912, 81, 807, 645, 193, 28, 489, 891, 505, 893, 784, 931, 353, 569, 831, 482, 753, 345, 456, 822, 43, 48, 882, 371, 344, 557, 160, 662, 648, 373, 559, 421, 487, 706, 360, 378, 591, 969, 792, 628, 989, 102, 915, 165, 958, 914, 782, 884, 23, 942, 964, 70, 13, 722, 619, 742, 383, 47, 267, 727, 997, 300, 625, 734, 274, 860, 748, 484, 850, 292, 301, 263, 475, 319, 9, 352, 704, 355, 385, 416, 434, 252, 812, 597, 2, 981, 518, 101, 778, 877, 769, 418, 296, 517, 212, 908, 230, 414, 647, 66, 12, 316, 507, 772, 890, 586, 721, 417, 488, 21, 979, 640, 295, 187, 199, 639, 668, 290, 609, 955, 64, 643, 684, 470, 743, 205, 0, 800, 474, 817, 835, 781, 906, 675, 737, 756, 978, 182, 987, 900, 762, 240, 116, 390, 719, 260, 683, 879, 661, 498, 486, 30, 400, 554, 312, 957, 328, 50, 465, 558, 907, 789, 60, 983, 53, 715, 952, 590, 303, 754, 815]",37718.558381482006,2.845834732055664
4,tsp-problem-500-1000-100-5-1.txt,"[74, 202, 337, 158, 107, 79, 15, 479, 413, 159, 68, 351, 415, 376, 228, 242, 127, 396, 252, 36, 24, 104, 429, 472, 338, 436, 234, 29, 197, 28, 492, 474, 455, 175, 382, 213, 305, 450, 148, 71, 22, 326, 83, 188, 357, 61, 316, 440, 356, 275, 270, 147, 400, 99, 287, 211, 98, 165, 345, 125, 269, 223, 229, 434, 88, 355, 454, 117, 257, 227, 237, 288, 405, 82, 1, 143, 332, 327, 495, 461, 122, 276, 112, 208, 52, 431, 49, 365, 95, 130, 460, 397, 9, 113, 247, 452, 105, 296, 263, 140, 340, 240, 424, 304, 349, 255, 417, 246, 395, 239, 380, 132, 314, 264, 176, 321, 27, 283, 194, 187, 219, 169, 26, 207, 75, 21, 179, 196, 37, 408, 94, 55, 294, 84, 64, 218, 236, 116, 341, 281, 261, 170, 62, 491, 279, 225, 230, 391, 185, 86, 331, 151, 111, 285, 468, 131, 435, 374, 6, 168, 46, 399, 306, 204, 466, 320, 425, 392, 323, 123, 398, 414, 8, 53, 167, 346, 384, 373, 89, 183, 403, 447, 442, 297, 109, 292, 222, 311, 206, 41, 184, 66, 141, 241, 115, 343, 421, 163, 51, 205, 249, 32, 149, 352, 412, 315, 375, 427, 475, 307, 488, 393, 274, 465, 456, 156, 480, 12, 209, 172, 498, 65, 126, 31, 364, 248, 322, 389, 78, 462, 142, 77, 291, 50, 220, 259, 110, 210, 139, 243, 459, 58, 0, 390, 449, 437, 60, 59, 453, 359, 363, 160, 154, 97, 174, 319, 81, 309, 446, 217, 409, 299, 470, 286, 253, 483, 233, 401, 34, 416, 484, 441, 344, 67, 451, 235, 282, 329, 335, 336, 124, 360, 482, 135, 295, 317, 404, 266, 464, 379, 289, 101, 106, 198, 378, 166, 473, 146, 2, 290, 193, 40, 469, 426, 19, 267, 372, 138, 406, 92, 25, 162, 301, 114, 42, 38, 200, 76, 367, 11, 324, 155, 199, 358, 186, 70, 33, 278, 232, 191, 4, 478, 463, 402, 153, 494, 5, 432, 189, 129, 54, 348, 201, 69, 350, 173, 72, 458, 280, 277, 85, 96, 490, 128, 161, 271, 273, 328, 134, 133, 310, 342, 18, 354, 215, 371, 238, 157, 265, 394, 411, 308, 177, 496, 145, 300, 362, 457, 330, 339, 221, 318, 231, 47, 260, 16, 445, 499, 190, 438, 171, 471, 150, 284, 293, 203, 370, 497, 108, 312, 3, 250, 182, 144, 433, 102, 244, 387, 120, 119, 385, 256, 353, 57, 377, 178, 419, 313, 100, 325, 298, 195, 13, 91, 366, 268, 103, 334, 485, 39, 216, 164, 90, 420, 87, 73, 212, 443, 63, 48, 44, 493, 152, 226, 23, 136, 444, 272, 368, 180, 118, 214, 486, 137, 181, 10, 45, 14, 422, 383, 369, 251, 245, 302, 20, 347, 262, 17, 43, 407, 430, 487, 93, 467, 30, 361, 386, 56, 418, 192, 35, 410, 476, 121, 448, 7, 80, 303, 388, 439, 381, 254, 481, 489, 428, 477, 258, 423, 333, 224]",44047.681724234106,1.3377323150634766
5,tsp-problem-300-1000-150-45-1.txt,"[9, 107, 180, 98, 242, 4, 229, 289, 281, 158, 168, 200, 65, 46, 26, 105, 215, 27, 121, 173, 114, 57, 108, 295, 69, 117, 192, 29, 95, 166, 271, 8, 154, 223, 30, 132, 40, 32, 110, 120, 163, 112, 7, 189, 294, 252, 101, 211, 43, 138, 50, 128, 59, 297, 224, 207, 193, 156, 152, 273, 213, 89, 134, 75, 227, 164, 282, 147, 64, 162, 53, 155, 123, 140, 1, 122, 264, 161, 249, 63, 125, 0, 79, 205, 198, 272, 71, 269, 183, 153, 278, 39, 261, 70, 34, 38, 77, 174, 135, 260, 78, 48, 54, 148, 233, 99, 72, 60, 106, 80, 175, 274, 221, 62, 199, 6, 267, 124, 253, 232, 20, 67, 280, 256, 88, 16, 240, 47, 146, 177, 130, 3, 165, 42, 212, 126, 194, 74, 176, 160, 66, 159, 15, 103, 263, 5, 56, 258, 179, 290, 171, 185, 196, 44, 87, 191, 284, 251, 248, 204, 293, 144, 259, 92, 299, 61, 90, 55, 91, 52, 276, 266, 226, 186, 255, 115, 104, 11, 208, 21, 169, 68, 31, 291, 14, 235, 94, 33, 202, 131, 143, 286, 133, 170, 111, 136, 220, 287, 19, 102, 292, 241, 182, 22, 12, 49, 167, 243, 237, 216, 228, 28, 218, 93, 245, 97, 17, 190, 58, 81, 254, 2, 116, 109, 270, 119, 298, 142, 172, 41, 288, 82, 85, 83, 96, 188, 279, 222, 127, 187, 225, 219, 100, 231, 209, 195, 206, 139, 257, 184, 157, 244, 51, 247, 239, 262, 201, 137, 141, 265, 118, 25, 275, 217, 250, 268, 23, 76, 36, 45, 283, 296, 197, 129, 145, 149, 181, 37, 277, 285, 178, 234, 203, 86, 151, 246, 84, 73, 10, 113, 236, 238, 18, 24, 35, 210, 230, 13, 150, 214]",11375.034658029124,0.8172709941864014
6,tsp-problem-500-100-100-25-1.txt,"[109, 437, 267, 30, 8, 155, 245, 44, 183, 2, 23, 253, 53, 50, 63, 51, 4, 119, 80, 128, 92, 159, 225, 12, 239, 98, 33, 68, 227, 177, 443, 7, 235, 190, 96, 73, 62, 65, 55, 195, 79, 6, 97, 82, 13, 310, 307, 104, 178, 396, 47, 26, 129, 58, 49, 22, 194, 35, 37, 102, 25, 180, 117, 61, 138, 10, 161, 76, 118, 34, 131, 147, 69, 9, 31, 222, 108, 0, 85, 95, 198, 89, 56, 229, 264, 418, 256, 27, 276, 94, 136, 24, 204, 197, 91, 114, 153, 145, 126, 32, 88, 74, 140, 214, 213, 112, 38, 137, 75, 149, 248, 52, 273, 15, 16, 14, 246, 142, 127, 173, 157, 99, 113, 18, 29, 72, 60, 59, 111, 105, 146, 207, 41, 170, 139, 71, 279, 379, 64, 120, 377, 66, 54, 115, 260, 156, 133, 268, 143, 175, 275, 315, 189, 124, 476, 184, 209, 21, 255, 231, 162, 150, 305, 191, 166, 57, 308, 107, 269, 148, 5, 285, 20, 237, 450, 28, 186, 374, 70, 289, 244, 36, 492, 83, 216, 168, 247, 122, 43, 67, 176, 323, 261, 298, 160, 223, 389, 397, 185, 322, 11, 103, 350, 45, 135, 334, 220, 48, 206, 219, 121, 449, 251, 3, 265, 384, 336, 116, 77, 151, 487, 192, 358, 454, 202, 375, 360, 366, 93, 328, 144, 316, 130, 348, 311, 387, 212, 106, 412, 200, 46, 403, 101, 19, 163, 252, 132, 372, 291, 271, 441, 301, 110, 39, 445, 266, 171, 394, 42, 325, 123, 364, 491, 408, 230, 295, 181, 243, 474, 495, 288, 362, 416, 287, 462, 203, 339, 292, 100, 327, 242, 167, 208, 468, 238, 169, 250, 81, 274, 463, 439, 459, 382, 448, 406, 164, 240, 158, 344, 196, 87, 335, 141, 297, 312, 407, 425, 458, 435, 496, 234, 232, 262, 319, 210, 278, 125, 174, 343, 347, 330, 257, 340, 357, 1, 280, 318, 254, 228, 464, 187, 233, 90, 290, 179, 431, 17, 430, 415, 211, 346, 455, 217, 324, 342, 320, 314, 313, 84, 286, 447, 154, 304, 373, 86, 221, 365, 494, 404, 349, 300, 40, 361, 353, 440, 420, 452, 488, 381, 188, 371, 337, 277, 338, 370, 367, 428, 473, 263, 478, 460, 281, 249, 351, 326, 486, 193, 414, 427, 354, 410, 433, 284, 152, 417, 165, 332, 345, 78, 489, 438, 383, 201, 490, 293, 258, 421, 393, 296, 205, 453, 218, 401, 241, 309, 391, 259, 426, 479, 226, 378, 224, 317, 477, 456, 484, 466, 172, 481, 376, 331, 467, 465, 400, 303, 429, 302, 386, 402, 282, 388, 236, 329, 424, 470, 299, 471, 434, 409, 369, 461, 413, 380, 321, 485, 493, 272, 392, 182, 363, 294, 442, 472, 359, 398, 390, 395, 444, 341, 333, 480, 499, 475, 432, 498, 436, 457, 355, 419, 497, 422, 283, 199, 451, 306, 356, 270, 423, 405, 368, 446, 134, 352, 411, 469, 482, 385, 483, 215, 399]",23591.379666703102,1.3419747352600098
7,tsp-problem-400-5000-100-45-1.txt,"[323, 344, 2, 128, 86, 40, 238, 329, 236, 186, 106, 94, 336, 171, 384, 248, 386, 151, 149, 135, 325, 370, 375, 114, 297, 0, 150, 84, 37, 141, 98, 389, 139, 199, 133, 380, 379, 226, 130, 20, 273, 237, 41, 312, 331, 55, 267, 242, 303, 28, 161, 116, 29, 382, 266, 319, 180, 393, 281, 260, 216, 206, 252, 227, 378, 397, 163, 284, 102, 392, 85, 306, 93, 254, 369, 214, 240, 198, 243, 262, 317, 126, 354, 340, 144, 318, 195, 88, 213, 49, 169, 69, 276, 193, 291, 67, 38, 251, 278, 390, 261, 87, 376, 152, 353, 307, 196, 65, 299, 250, 19, 66, 311, 364, 305, 218, 56, 201, 146, 31, 9, 246, 268, 223, 232, 263, 194, 245, 349, 101, 80, 342, 61, 335, 89, 274, 275, 324, 258, 398, 51, 105, 160, 304, 14, 120, 97, 24, 82, 173, 372, 184, 179, 255, 301, 72, 23, 123, 264, 99, 79, 293, 300, 42, 222, 203, 90, 352, 356, 207, 170, 33, 119, 359, 63, 290, 296, 345, 145, 127, 315, 147, 115, 341, 330, 121, 327, 175, 92, 165, 387, 332, 164, 48, 18, 125, 112, 202, 259, 142, 131, 153, 104, 367, 81, 321, 191, 70, 91, 368, 385, 229, 241, 12, 158, 209, 136, 162, 83, 53, 362, 265, 219, 1, 188, 205, 62, 43, 100, 282, 253, 322, 16, 117, 77, 74, 308, 122, 5, 333, 110, 107, 10, 58, 283, 343, 302, 399, 45, 326, 157, 257, 358, 339, 174, 217, 36, 15, 7, 256, 73, 154, 96, 11, 221, 351, 355, 178, 272, 204, 181, 231, 64, 172, 54, 132, 155, 373, 71, 228, 381, 298, 78, 60, 249, 314, 75, 316, 215, 211, 208, 244, 190, 280, 309, 168, 320, 377, 44, 396, 17, 350, 108, 285, 4, 68, 76, 183, 26, 47, 197, 360, 310, 271, 235, 159, 6, 225, 166, 22, 269, 32, 57, 134, 239, 294, 334, 3, 287, 270, 348, 347, 30, 200, 374, 391, 140, 346, 187, 212, 118, 288, 357, 59, 143, 234, 103, 13, 148, 395, 337, 177, 185, 138, 113, 224, 286, 8, 220, 230, 27, 109, 247, 361, 388, 289, 111, 167, 137, 233, 383, 277, 156, 34, 279, 21, 25, 129, 292, 50, 52, 365, 295, 95, 313, 371, 35, 192, 210, 182, 366, 124, 328, 39, 46, 176, 189, 394, 338, 363]",3018.967933061484,1.0620319843292236
8,tsp-problem-900-1000-50-25-1.txt,"[138, 332, 229, 344, 55, 429, 378, 468, 22, 569, 91, 575, 300, 421, 156, 0, 73, 7, 699, 317, 35, 76, 165, 83, 621, 114, 342, 130, 58, 769, 168, 209, 140, 29, 290, 281, 653, 159, 330, 423, 536, 318, 280, 393, 639, 302, 6, 821, 635, 743, 238, 243, 297, 199, 515, 873, 121, 364, 232, 558, 836, 487, 96, 422, 50, 392, 454, 3, 414, 57, 593, 746, 557, 438, 233, 377, 534, 822, 65, 331, 81, 834, 707, 852, 832, 12, 20, 36, 252, 108, 157, 260, 294, 99, 362, 781, 115, 648, 231, 77, 771, 32, 577, 379, 725, 511, 92, 162, 669, 865, 307, 774, 845, 622, 152, 47, 770, 703, 586, 387, 732, 15, 67, 666, 628, 444, 441, 74, 794, 27, 581, 17, 872, 605, 842, 491, 486, 42, 642, 363, 145, 350, 25, 718, 133, 835, 463, 722, 225, 211, 288, 385, 360, 432, 431, 856, 740, 627, 235, 465, 200, 489, 80, 113, 626, 785, 661, 407, 161, 756, 284, 640, 697, 89, 470, 110, 181, 679, 510, 590, 175, 837, 149, 889, 196, 56, 813, 5, 219, 564, 334, 459, 97, 613, 348, 262, 571, 372, 123, 576, 68, 185, 61, 180, 257, 556, 14, 690, 476, 739, 514, 267, 597, 425, 53, 308, 457, 237, 544, 405, 222, 604, 39, 689, 349, 610, 466, 841, 198, 636, 212, 764, 783, 197, 324, 205, 191, 70, 204, 279, 122, 807, 167, 329, 358, 321, 207, 426, 450, 518, 869, 435, 675, 346, 255, 493, 336, 64, 731, 573, 9, 726, 312, 483, 66, 760, 712, 389, 668, 109, 366, 45, 116, 236, 864, 132, 527, 309, 874, 606, 894, 404, 602, 814, 254, 38, 142, 853, 292, 490, 291, 705, 538, 151, 28, 314, 187, 607, 449, 23, 553, 139, 268, 2, 135, 276, 188, 464, 40, 755, 765, 498, 85, 153, 127, 615, 552, 399, 69, 386, 647, 478, 895, 87, 269, 249, 831, 688, 354, 868, 299, 227, 729, 436, 220, 11, 658, 98, 24, 462, 223, 683, 282, 340, 391, 601, 547, 337, 620, 693, 702, 792, 49, 166, 517, 651, 193, 633, 4, 230, 131, 878, 479, 582, 728, 327, 530, 126, 847, 532, 482, 171, 102, 170, 155, 298, 757, 134, 21, 509, 210, 154, 657, 345, 136, 172, 241, 244, 535, 898, 548, 169, 54, 160, 251, 614, 418, 555, 273, 367, 583, 804, 820, 678, 519, 60, 397, 356, 673, 218, 882, 82, 221, 825, 559, 173, 537, 33, 506, 663, 750, 192, 616, 685, 844, 247, 263, 120, 585, 448, 748, 384, 434, 296, 415, 48, 177, 341, 304, 883, 623, 758, 277, 609, 652, 179, 194, 591, 818, 843, 189, 566, 416, 455, 26, 313, 239, 513, 469, 885, 105, 430, 737, 224, 828, 568, 190, 776, 275, 412, 72, 373, 174, 16, 95, 301, 507, 287, 720, 1, 8, 456, 380, 402, 439, 413, 734, 258, 62, 719, 791, 578, 410, 295, 863, 684, 137, 695, 700, 539, 141, 594, 704, 667, 687, 521, 59, 41, 283, 598, 333, 365, 182, 619, 766, 551, 271, 178, 433, 246, 560, 650, 542, 353, 545, 103, 749, 128, 272, 37, 744, 390, 641, 492, 696, 368, 662, 328, 104, 816, 603, 480, 125, 630, 369, 474, 701, 634, 419, 714, 203, 850, 338, 445, 897, 144, 546, 860, 727, 195, 637, 710, 361, 711, 488, 44, 84, 580, 656, 496, 325, 201, 505, 43, 427, 858, 326, 453, 408, 735, 63, 428, 451, 186, 494, 631, 823, 460, 803, 274, 266, 808, 306, 503, 659, 440, 632, 599, 676, 394, 100, 176, 592, 723, 779, 643, 877, 406, 747, 572, 261, 644, 508, 495, 884, 78, 796, 763, 359, 655, 322, 398, 773, 761, 226, 523, 862, 206, 840, 645, 830, 738, 520, 305, 316, 617, 452, 371, 228, 245, 147, 248, 443, 382, 117, 692, 848, 473, 164, 293, 752, 253, 786, 706, 437, 654, 540, 709, 809, 143, 753, 708, 624, 461, 798, 824, 646, 838, 811, 477, 86, 388, 638, 681, 250, 716, 217, 524, 184, 311, 694, 801, 112, 733, 376, 812, 315, 788, 875, 698, 475, 802, 124, 870, 562, 383, 893, 881, 851, 533, 686, 600, 111, 550, 879, 370, 150, 754, 549, 101, 888, 158, 381, 839, 79, 442, 767, 677, 310, 855, 671, 458, 10, 724, 208, 866, 759, 561, 579, 303, 242, 797, 742, 713, 485, 52, 395, 680, 18, 528, 323, 777, 625, 504, 522, 587, 118, 285, 672, 715, 278, 886, 19, 772, 890, 745, 497, 409, 286, 531, 891, 789, 563, 34, 352, 525, 805, 780, 375, 876, 240, 584, 129, 31, 854, 670, 778, 484, 588, 75, 339, 589, 90, 596, 691, 216, 30, 827, 768, 859, 357, 629, 751, 565, 347, 119, 664, 502, 806, 721, 148, 608, 736, 107, 401, 213, 446, 374, 787, 400, 289, 471, 499, 319, 871, 424, 500, 682, 782, 106, 762, 234, 660, 892, 861, 163, 717, 403, 846, 810, 351, 411, 183, 146, 256, 472, 541, 543, 612, 417, 259, 46, 833, 420, 93, 215, 790, 800, 826, 264, 447, 51, 896, 887, 13, 265, 899, 665, 214, 554, 574, 343, 611, 817, 799, 481, 880, 355, 501, 674, 270, 730, 516, 335, 618, 815, 88, 529, 741, 567, 784, 819, 795, 857, 526, 467, 849, 320, 202, 793, 829, 71, 775, 649, 94, 570, 396, 867, 595, 512]",1604.3068746809595,2.5191166400909424
9,tsp-problem-200-1000-50-25-1.txt,"[154, 81, 123, 142, 0, 46, 195, 53, 57, 10, 99, 15, 87, 177, 29, 61, 168, 190, 25, 83, 166, 17, 148, 36, 167, 33, 55, 93, 105, 41, 158, 88, 30, 76, 159, 107, 19, 157, 156, 95, 97, 101, 121, 94, 85, 98, 66, 130, 51, 194, 165, 67, 11, 131, 38, 104, 21, 163, 116, 39, 132, 143, 6, 140, 54, 150, 174, 124, 64, 49, 188, 8, 184, 62, 79, 14, 111, 176, 18, 160, 20, 126, 27, 44, 42, 169, 129, 189, 153, 119, 199, 16, 58, 69, 149, 137, 26, 162, 193, 151, 134, 60, 175, 4, 171, 109, 191, 73, 32, 186, 63, 74, 100, 70, 72, 82, 50, 37, 133, 120, 146, 52, 2, 183, 139, 198, 34, 7, 35, 127, 164, 3, 48, 56, 103, 192, 90, 31, 75, 178, 181, 197, 147, 118, 113, 114, 77, 161, 173, 170, 112, 96, 5, 84, 23, 1, 65, 117, 91, 125, 144, 135, 78, 92, 179, 89, 152, 24, 102, 68, 136, 145, 180, 108, 155, 141, 22, 187, 128, 43, 59, 12, 106, 9, 28, 196, 172, 86, 182, 71, 47, 45, 110, 185, 138, 80, 13, 115, 122, 40]",902.7954908536267,0.5394971370697021
10,tsp-problem-100-100-100-25-1.txt,"[75, 20, 10, 71, 44, 16, 43, 52, 82, 26, 1, 60, 28, 5, 99, 50, 66, 23, 59, 8, 9, 80, 47, 65, 32, 87, 13, 86, 3, 46, 30, 73, 55, 0, 49, 15, 77, 17, 41, 70, 83, 25, 37, 61, 53, 2, 58, 81, 31, 64, 11, 54, 90, 6, 92, 45, 93, 84, 97, 24, 91, 38, 27, 74, 35, 42, 4, 85, 89, 88, 33, 22, 95, 34, 12, 48, 79, 19, 51, 78, 14, 94, 40, 7, 96, 98, 29, 18, 56, 72, 21, 57, 39, 62, 36, 69, 76, 68, 63, 67]",4503.803780494129,0.3017311096191406
11,tsp-problem-100-100-100-5-1.txt,"[68, 26, 37, 45, 34, 9, 55, 53, 32, 39, 42, 8, 18, 24, 94, 22, 59, 30, 31, 76, 88, 1, 7, 81, 49, 17, 54, 48, 72, 19, 67, 50, 35, 44, 25, 92, 36, 46, 38, 56, 63, 43, 93, 57, 12, 4, 33, 85, 27, 66, 10, 5, 73, 15, 70, 74, 6, 99, 11, 51, 20, 14, 52, 13, 64, 40, 86, 58, 41, 65, 21, 87, 75, 89, 16, 83, 96, 60, 78, 95, 90, 28, 79, 2, 3, 98, 69, 82, 0, 62, 47, 71, 61, 77, 84, 91, 29, 97, 80, 23]",8954.98843068485,0.29554152488708496
